name,commits,repos
bos,642,56
basvandijk,129,234
bergmark,125,464
phadej,96,1003
nst,31,1067
RyanGlScott,15,1117
andrewthad,14,1357
hvr,9,1621
lpsmith,8,1671
fisx,7,1709
jsgf,6,1819
meiersi,6,1880
Daniel-Diaz,5,1934
roelvandijk,5,1966
benweitzman,5,2039
EduardSergeev,4,2059
jhance,4,2110
winterland1989,4,2182
k-bx,3,2433
nbogie,3,2626
Tarrasch,2,2838
cgibbard,2,2848
lambda-fairy,2,2910
cgaebel,2,3002
dmjio,2,3367
erickt,2,3584
devwout,2,3603
gbaz,2,3635
hvriedel,2,3635
nurpax,2,3699
tibbe,2,3721
mike-burns,2,3766
23Skidoo,2,3897
nikita-volkov,2,4106
pheaver,2,4116
RickyCook,2,4225
vshabanov,2,4239
zhensydow,2,4262
snoyberg,2,4618
aculich,1,5094
bmillwood,1,5117
puffnfresh,1,5396
0xced,1,5654
chrisdone,1,5828
cliffordbeshers,1,5836
codygman,1,6092
jcpetruzza,1,6133
Peaker,1,6260
knsd,1,6318
meteficha,1,6387
heyzua,1,6397
gregwebs,1,6504
hamishmack,1,6596
hlian,1,6745
juhp,1,6931
jgilje,1,6948
liyang,1,6986
tekul,1,7022
marcotmarcot,1,7043
markus1189,1,7300
Fuuzetsu,1,7450
mmastrac,1,7500
Tritlo,1,7613
supki,1,7649
mxswd,1,7672
tac-tics,1,7680
michaelt,1,7716
MichaelXavier,1,7883
mkscrg,1,7920
abbradar,1,8098
ondrap,1,8128
RX14,1,8292
ret,1,8309
eskimor,1,8394
SeanRBurton,1,8415
spl,1,8526
duairc,1,8609
sol,1,8813
srenatus,1,9026
TomMD,1,9513
timbodeit,1,9566
krono,1,9630
tonyg,1,9806
watashi,1,9841
JPMoresmau,1,9946
mightybyte,1,10078
mrkkrp,1,10223
rietmann,1,10239
timmytofu,1,10291
timthelion,1,10419